Designator,Mid X,Mid Y,Rotation,Layer
C1,113.5,-121.75,180.0,top
C2,124.25000047648318,-115.02004047648317,315.0,top
C3,121.5,-122.25,180.0,top
C4,119.245,-114.655,270.0,top
J1,122.25,-104.5325,180.0,top
J2,110.5,-104.7175,0.0,top
J3,117.5,-133.25,90.0,top
R1,106.75,-116.5,270.0,top
R2,109.75,-128.25,0.0,top
R3,109.75,-125.25,0.0,top
R4,114.25,-128.25,0.0,top
R5,114.25,-125.25,0.0,top
R6,128.75,-124.5,90.0,top
R7,128.75,-129.0,90.0,top
U1,113.5,-115.75,90.0,top
U2,121.5,-126.75,270.0,top
